ID WordPress;Type;Programme / formation;École;ID école
7645;Universitaire;Droit et carrières juridiques;École de Droit, Sciences & Gestion d’Administration;7801
7646;Universitaire;Administration publique;École de Droit, Sciences & Gestion d’Administration;7801
7647;Universitaire;Management et organisations;École de Droit, Sciences & Gestion d’Administration;7801
7648;Universitaire;Marketing et commerce;École de Droit, Sciences & Gestion d’Administration;7801
7649;Universitaire;Entrepreneuriat et innovation;École de Droit, Sciences & Gestion d’Administration;7801
7650;Universitaire;Gestion des ressources humaines;École de Droit, Sciences & Gestion d’Administration;7801
7651;Universitaire;Finance, comptabilité et audit;École de Droit, Sciences & Gestion d’Administration;7801
7652;Universitaire;Logistique et supply chain management;École de Droit, Sciences & Gestion d’Administration;7801
7653;Universitaire;Génie civil;École des Sciences, Technologies et d’Ingénierie;7803
7654;Universitaire;Génie électrique;École des Sciences, Technologies et d’Ingénierie;7803
7655;Universitaire;Génie mécanique;École des Sciences, Technologies et d’Ingénierie;7803
7656;Universitaire;Sciences informatiques et digital;École des Sciences, Technologies et d’Ingénierie;7803
7657;Universitaire;Architecture et BTP;École des Sciences, Technologies et d’Ingénierie;7803
7658;Universitaire;Énergies et environnement;École des Sciences, Technologies et d’Ingénierie;7803
7659;Universitaire;Médecine générale;École des Sciences de la Santé et du Développement;7805
7660;Universitaire;Sciences infirmières;École des Sciences de la Santé et du Développement;7805
7661;Universitaire;Maïeutique et sciences obstétricales;École des Sciences de la Santé et du Développement;7805
7662;Universitaire;Pharmacie;École des Sciences de la Santé et du Développement;7805
7663;Universitaire;Sciences biomédicales et de laboratoire;École des Sciences de la Santé et du Développement;7805
7664;Universitaire;Imagerie médicale;École des Sciences de la Santé et du Développement;7805
7665;Universitaire;Secrétariat médical;École des Sciences de la Santé et du Développement;7805
7666;Universitaire;Domaine doctoral de sciences juridiques, politiques et gestion;SCIPT INTERNATIONAL;7881
7667;Universitaire;Domaine doctoral de sciences, technologies et ingénierie;SCIPT INTERNATIONAL;7881
7668;Universitaire;Domaine doctoral de sciences de la santé;SCIPT INTERNATIONAL;7881
7669;Universitaire;Domaine doctoral de sciences humaines et communication;SCIPT INTERNATIONAL;7881
7670;Professionnelle;Secrétariat médical professionnel;École des Sciences de la Santé et du Développement;7805
7671;Professionnelle;Assistance aux soins;École des Sciences de la Santé et du Développement;7805
7672;Professionnelle;Hygiène et sécurité sanitaire;École des Sciences de la Santé et du Développement;7805
7673;Professionnelle;Maintenance informatique et réseaux;École des Sciences, Technologies et d’Ingénierie;7803
7674;Professionnelle;Bureautique et outils numériques;École des Sciences, Technologies et d’Ingénierie;7803
7675;Professionnelle;Caméras de surveillance et sécurité;École des Sciences, Technologies et d’Ingénierie;7803
7676;Professionnelle;Électricité bâtiment et industrielle;École des Sciences, Technologies et d’Ingénierie;7803
7677;Professionnelle;Maçonnerie et finitions;École des Sciences, Technologies et d’Ingénierie;7803
7678;Professionnelle;Plomberie et installation sanitaire;École des Sciences, Technologies et d’Ingénierie;7803
7679;Professionnelle;Panneaux solaires et énergies renouvelables;École des Sciences, Technologies et d’Ingénierie;7803
7680;Professionnelle;Froid domestique et industriel;École des Sciences, Technologies et d’Ingénierie;7803
7681;Professionnelle;Assistance de direction;École de Droit, Sciences & Gestion d’Administration;7801
7682;Professionnelle;Comptabilité et gestion;École de Droit, Sciences & Gestion d’Administration;7801
7683;Professionnelle;Logistique et transport;École de Droit, Sciences & Gestion d’Administration;7801
7684;Professionnelle;Pâtisserie professionnelle;École de Droit, Sciences & Gestion d’Administration;7801
